id;title;duration;recording_date;file_path
1;even-keeled matrices;13835;2024-03-26T05:47:22;24/7 exploit capability
2;Strategist;5930;2024-03-26T02:13:58;Bike Concrete
3;blockchains Pa'anga;77060;2024-03-25T21:05:30;enable
4;Fish;61981;2024-03-25T23:21:30;connect Gloves magnetic
5;productize;89552;2024-03-26T00:40:21;Savings
6;payment clear-thinking;71637;2024-03-26T03:15:14;Account Sausages tangible
7;bus drive GB;53350;2024-03-25T22:12:26;Money microchip
8;Cambridgeshire Concrete;87156;2024-03-26T09:41:52;Shirt withdrawal Ergonomic
9;grey Borders;74106;2024-03-26T19:10:19;Frozen digital dot-com
10;niches deposit;69657;2024-03-26T20:00:25;matrix Car Human
